"First Name","Last Name","Age","Email"
"Belinda","Foster","44","b.foster@randatmail.com"
"Emma","Murray","42","e.murray@randatmail.com"
"Antony","Wright","45","a.wright@randatmail.com"
"Belinda","Riley","45","b.riley@randatmail.com"
"Aida","Farrell","48","a.farrell@randatmail.com"
"Oliver","Montgomery","50","o.montgomery@randatmail.com"
"Henry","Davis","41","h.davis@randatmail.com"
"Honey","Anderson","48","h.anderson@randatmail.com"
"Lana","Kelley","50","l.kelley@randatmail.com"
"Kate","Elliott","40","k.elliott@randatmail.com"
"Abigail","Robinson","45","a.robinson@randatmail.com"
"Vivian","Wells","44","v.wells@randatmail.com"
"Jacob","Barnes","40","j.barnes@randatmail.com"
"Maximilian","Holmes","48","m.holmes@randatmail.com"
"Ryan","Martin","41","r.martin@randatmail.com"
"Tara","Harper","42","t.harper@randatmail.com"
"Frederick","Campbell","44","f.campbell@randatmail.com"
"Eric","Smith","48","e.smith@randatmail.com"
"Tony","Wells","45","t.wells@randatmail.com"
"Agata","Hunt","47","a.hunt@randatmail.com"
