"First Name","Last Name","Age","Email"
"Justin","Thomas","19","j.thomas@randatmail.com"
"Derek","Johnson","24","d.johnson@randatmail.com"
"Maya","Campbell","20","m.campbell@randatmail.com"
"Alisa","Mason","20","a.mason@randatmail.com"
"Oliver","Warren","29","o.warren@randatmail.com"
"Carlos","Bennett","24","c.bennett@randatmail.com"
"Melissa","Lloyd","26","m.lloyd@randatmail.com"
"Melissa","Miller","20","m.miller@randatmail.com"
"Thomas","Barrett","25","t.barrett@randatmail.com"
"Paige","Mason","30","p.mason@randatmail.com"
"Chloe","Payne","21","c.payne@randatmail.com"
"Sawyer","Hawkins","30","s.hawkins@randatmail.com"
"Miller","Taylor","28","m.taylor@randatmail.com"
"Owen","Payne","20","o.payne@randatmail.com"
"Jasmine","Parker","21","j.parker@randatmail.com"
"Belinda","Turner","25","b.turner@randatmail.com"
"Edwin","Myers","26","e.myers@randatmail.com"
"Ada","Richards","18","a.richards@randatmail.com"
"Briony","Kelley","23","b.kelley@randatmail.com"
"Maddie","Bennett","30","m.bennett@randatmail.com"
"Emily","Cameron","22","e.cameron@randatmail.com"
"Michelle","Foster","30","m.foster@randatmail.com"
"Penelope","Myers","18","p.myers@randatmail.com"
"Elian","Alexander","26","e.alexander@randatmail.com"
"Sydney","Grant","22","s.grant@randatmail.com"
"Anna","Allen","27","a.allen@randatmail.com"
"Eddy","Stevens","25","e.stevens@randatmail.com"
"Jacob","Craig","19","j.craig@randatmail.com"
"Antony","Cooper","26","a.cooper@randatmail.com"
"Evelyn","Smith","26","e.smith@randatmail.com"
"Garry","Watson","23","g.watson@randatmail.com"
"Cadie","Sullivan","23","c.sullivan@randatmail.com"
"Sofia","Cole","21","s.cole@randatmail.com"
"Melissa","Bennett","22","m.bennett@randatmail.com"
"Florrie","Bennett","20","f.bennett@randatmail.com"
"Leonardo","Parker","28","l.parker@randatmail.com"
"Melissa","Casey","26","m.casey@randatmail.com"
"Jordan","Sullivan","25","j.sullivan@randatmail.com"
"Kevin","Gray","21","k.gray@randatmail.com"
"Connie","Alexander","18","c.alexander@randatmail.com"
"Preston","Smith","29","p.smith@randatmail.com"
"Ryan","Kelly","22","r.kelly@randatmail.com"
"Sofia","Myers","18","s.myers@randatmail.com"
"Kate","Cole","18","k.cole@randatmail.com"
"Jasmine","Miller","22","j.miller@randatmail.com"
"Garry","Tucker","29","g.tucker@randatmail.com"
"Cadie","Ellis","26","c.ellis@randatmail.com"
"Jenna","Wells","26","j.wells@randatmail.com"
"Jenna","Scott","27","j.scott@randatmail.com"
"Maria","Cameron","22","m.cameron@randatmail.com"
"Jacob","Hunt","23","j.hunt@randatmail.com"
"Oscar","Lloyd","20","o.lloyd@randatmail.com"
"Sienna","Reed","28","s.reed@randatmail.com"
"Chester","Hill","29","c.hill@randatmail.com"
"Alisa","Grant","25","a.grant@randatmail.com"
"Harold","Williams","26","h.williams@randatmail.com"
"Abigail","Bennett","25","a.bennett@randatmail.com"
"James","Kelly","22","j.kelly@randatmail.com"
"Alfred","Perkins","26","a.perkins@randatmail.com"
"Dainton","Ryan","28","d.ryan@randatmail.com"
"Victor","Barnes","22","v.barnes@randatmail.com"
"Leonardo","Sullivan","21","l.sullivan@randatmail.com"
"Kirsten","Perkins","18","k.perkins@randatmail.com"
"John","Chapman","27","j.chapman@randatmail.com"
"Isabella","Carter","29","i.carter@randatmail.com"
"Connie","Thomas","26","c.thomas@randatmail.com"
"Alfred","Mitchell","21","a.mitchell@randatmail.com"
"Nicholas","Hill","20","n.hill@randatmail.com"
"Brooke","Morris","30","b.morris@randatmail.com"
"Kellan","Harper","24","k.harper@randatmail.com"
"Julia","Ferguson","23","j.ferguson@randatmail.com"
"Derek","Murphy","24","d.murphy@randatmail.com"
"Tess","Kelley","22","t.kelley@randatmail.com"
"Alisa","Parker","27","a.parker@randatmail.com"
"Vivian","Mitchell","19","v.mitchell@randatmail.com"
"Albert","Murphy","23","a.murphy@randatmail.com"
"Eddy","Owens","26","e.owens@randatmail.com"
"Chester","Spencer","25","c.spencer@randatmail.com"
"Isabella","Harrison","22","i.harrison@randatmail.com"
"James","Parker","21","j.parker@randatmail.com"
"Alexia","Murphy","27","a.murphy@randatmail.com"
"Miller","Riley","18","m.riley@randatmail.com"
"Albert","Anderson","30","a.anderson@randatmail.com"
"Natalie","Kelley","26","n.kelley@randatmail.com"
"Jessica","Hawkins","26","j.hawkins@randatmail.com"
"Jessica","Wells","29","j.wells@randatmail.com"
"Miley","Johnston","28","m.johnston@randatmail.com"
"Tony","Myers","18","t.myers@randatmail.com"
"Marcus","Montgomery","26","m.montgomery@randatmail.com"
"James","Jones","24","j.jones@randatmail.com"
"James","Cole","26","j.cole@randatmail.com"
"Carlos","Barnes","30","c.barnes@randatmail.com"
"Amber","Thomas","29","a.thomas@randatmail.com"
"Kelsey","Spencer","29","k.spencer@randatmail.com"
"Vivian","Cameron","25","v.cameron@randatmail.com"
"Tiana","Smith","26","t.smith@randatmail.com"
"Arthur","Lloyd","27","a.lloyd@randatmail.com"
"Myra","Reed","18","m.reed@randatmail.com"
"Lyndon","Baker","21","l.baker@randatmail.com"
"Elian","Cameron","30","e.cameron@randatmail.com"
"Violet","Cooper","30","v.cooper@randatmail.com"
"Owen","Nelson","30","o.nelson@randatmail.com"
"Valeria","Stevens","25","v.stevens@randatmail.com"
"Tony","Wilson","27","t.wilson@randatmail.com"
"Madaline","Crawford","24","m.crawford@randatmail.com"
"Walter","Morris","18","w.morris@randatmail.com"
"Lily","Henderson","20","l.henderson@randatmail.com"
"Dominik","Mason","30","d.mason@randatmail.com"
"Charlie","Campbell","25","c.campbell@randatmail.com"
"Eric","Montgomery","20","e.montgomery@randatmail.com"
"Sarah","Kelley","24","s.kelley@randatmail.com"
"Annabella","Bailey","29","a.bailey@randatmail.com"
"Daryl","Hawkins","28","d.hawkins@randatmail.com"
"Carina","Gibson","22","c.gibson@randatmail.com"
"Joyce","Nelson","20","j.nelson@randatmail.com"
"Jack","Edwards","28","j.edwards@randatmail.com"
"Chester","Lloyd","19","c.lloyd@randatmail.com"
"Eleanor","Cunningham","21","e.cunningham@randatmail.com"
"Tiana","Ross","27","t.ross@randatmail.com"
"Cherry","Riley","19","c.riley@randatmail.com"
"Stella","Anderson","26","s.anderson@randatmail.com"
"Luke","Perkins","30","l.perkins@randatmail.com"
"Melissa","Hall","21","m.hall@randatmail.com"
"Ted","Alexander","24","t.alexander@randatmail.com"
"Adrianna","Miller","21","a.miller@randatmail.com"
"Vivian","Martin","20","v.martin@randatmail.com"
"Andrew","Taylor","21","a.taylor@randatmail.com"
"Kristian","Martin","23","k.martin@randatmail.com"
"Michelle","Perry","18","m.perry@randatmail.com"
"John","Wilson","28","j.wilson@randatmail.com"
"Lilianna","Wilson","30","l.wilson@randatmail.com"
"Edith","Scott","19","e.scott@randatmail.com"
"Daryl","Wilson","28","d.wilson@randatmail.com"
"Mike","Farrell","20","m.farrell@randatmail.com"
"Brianna","Richardson","25","b.richardson@randatmail.com"
"Alfred","Harper","30","a.harper@randatmail.com"
"Antony","Grant","27","a.grant@randatmail.com"
"Carina","Warren","29","c.warren@randatmail.com"
"Cherry","Mason","20","c.mason@randatmail.com"
"James","Fowler","22","j.fowler@randatmail.com"
"Reid","Ellis","28","r.ellis@randatmail.com"
"Dainton","Armstrong","19","d.armstrong@randatmail.com"
"Gianna","Farrell","26","g.farrell@randatmail.com"
"Lydia","Adams","18","l.adams@randatmail.com"
"Adrian","Craig","23","a.craig@randatmail.com"
"Carina","Henderson","28","c.henderson@randatmail.com"
"Brianna","Kelley","20","b.kelley@randatmail.com"
"Sarah","Barrett","30","s.barrett@randatmail.com"
"Anna","Johnson","29","a.johnson@randatmail.com"
"Cadie","Hall","29","c.hall@randatmail.com"
"Briony","Morris","18","b.morris@randatmail.com"
"Elise","Martin","23","e.martin@randatmail.com"
"Walter","Payne","26","w.payne@randatmail.com"
"Sofia","Evans","19","s.evans@randatmail.com"
"Henry","Roberts","28","h.roberts@randatmail.com"
"David","Brooks","20","d.brooks@randatmail.com"
"Wilson","Harris","22","w.harris@randatmail.com"
"Sophia","Stevens","18","s.stevens@randatmail.com"
"Dominik","Howard","28","d.howard@randatmail.com"
"Tyler","Casey","27","t.casey@randatmail.com"
"Byron","Warren","29","b.warren@randatmail.com"
"Chelsea","Barrett","20","c.barrett@randatmail.com"
"Ashton","Cooper","30","a.cooper@randatmail.com"
"Aiden","Myers","25","a.myers@randatmail.com"
"Owen","Williams","18","o.williams@randatmail.com"
"Oliver","Ross","25","o.ross@randatmail.com"
"Aston","Murphy","24","a.murphy@randatmail.com"
"Brianna","Cameron","20","b.cameron@randatmail.com"
"Eric","Stevens","21","e.stevens@randatmail.com"
"Carl","Murphy","30","c.murphy@randatmail.com"
"James","Perkins","30","j.perkins@randatmail.com"
"Freddie","Murray","26","f.murray@randatmail.com"
"Lydia","Wilson","28","l.wilson@randatmail.com"
"Belinda","Jones","23","b.jones@randatmail.com"
"Penelope","Morris","22","p.morris@randatmail.com"
"Maria","Wells","29","m.wells@randatmail.com"
"Ada","Dixon","28","a.dixon@randatmail.com"
"Connie","Hunt","27","c.hunt@randatmail.com"
"Arnold","Warren","20","a.warren@randatmail.com"
"Kellan","Moore","22","k.moore@randatmail.com"
"Grace","Owens","21","g.owens@randatmail.com"
"Aida","Carter","24","a.carter@randatmail.com"
"Dale","Ellis","22","d.ellis@randatmail.com"
"Henry","Campbell","29","h.campbell@randatmail.com"
"Maximilian","Reed","22","m.reed@randatmail.com"
"Andrew","Reed","20","a.reed@randatmail.com"
"Savana","Barnes","28","s.barnes@randatmail.com"
"Robert","Ellis","29","r.ellis@randatmail.com"
"Albert","Edwards","26","a.edwards@randatmail.com"
"Agata","Dixon","29","a.dixon@randatmail.com"
"Alford","Allen","28","a.allen@randatmail.com"
"Aiden","Hamilton","29","a.hamilton@randatmail.com"
"Steven","Hill","18","s.hill@randatmail.com"
"Heather","Howard","29","h.howard@randatmail.com"
"Ned","Turner","30","n.turner@randatmail.com"
"Sabrina","Stevens","30","s.stevens@randatmail.com"
"Emma","Harris","28","e.harris@randatmail.com"
"Elian","Hunt","28","e.hunt@randatmail.com"
"Alberta","Brown","21","a.brown@randatmail.com"
"Rafael","Barrett","23","r.barrett@randatmail.com"
